CREATE TABLE "users" ("id" serial NOT NULL, "first_name" varchar, "last_name" varchar, "email" varchar);
CREATE TABLE "addresses" ("id" serial NOT NULL, "user_id" integer, "street" varchar, "city" varchar, "state" varchar, "zip" integer);
CREATE TABLE "items" ("id" serial NOT NULL, "title" varchar, "category" varchar, "description" text, "price" integer);
CREATE TABLE "orders" ("id" serial NOT NULL, "user_id" integer, "item_id" integer, "quantity" integer, "created_at" timestamp);

INSERT INTO users(id,first_name,last_name,email) VALUES(1,'Axel','Robel','ludie_reynolds@schaden.net');
INSERT INTO users(id,first_name,last_name,email) VALUES(2,'Missouri','Carroll','darby@rohan.org');
INSERT INTO users(id,first_name,last_name,email) VALUES(3,'Fatima','Toy','bertrand@langrunolfsdottir.info');
INSERT INTO users(id,first_name,last_name,email) VALUES(4,'Devyn','Bode','naomie_hilpert@hettinger.com');
INSERT INTO users(id,first_name,last_name,email) VALUES(5,'Eldon','Aufderhar','samantha_haley@effertz.org');
INSERT INTO users(id,first_name,last_name,email) VALUES(6,'Kacie','Johns','muhammad.crooks@white.name');
INSERT INTO users(id,first_name,last_name,email) VALUES(7,'Leann','Runte','bryana.sauer@buckridge.biz');
INSERT INTO users(id,first_name,last_name,email) VALUES(8,'Judge','Frami','deangelo@okuneva.net');
INSERT INTO users(id,first_name,last_name,email) VALUES(9,'Shane','Dibbert','santiago@crooksbayer.info');
INSERT INTO users(id,first_name,last_name,email) VALUES(10,'Cloyd','Maggio','koby.jerde@ullrichsenger.biz');
INSERT INTO users(id,first_name,last_name,email) VALUES(11,'Phoebe','Kshlerin','juvenal.effertz@ryan.name');
INSERT INTO users(id,first_name,last_name,email) VALUES(12,'Vilma','McCullough','janae.mitchell@weinatbruen.biz');
INSERT INTO users(id,first_name,last_name,email) VALUES(13,'Mekhi','Lakin','sienna.skiles@kshlerin.com');
INSERT INTO users(id,first_name,last_name,email) VALUES(14,'Orland','Effertz','finn_mcglynn@hamill.info');
INSERT INTO users(id,first_name,last_name,email) VALUES(15,'Frida','Hauck','tianna@mann.name');
INSERT INTO users(id,first_name,last_name,email) VALUES(16,'Amina','Boehm','sarai_abernathy@gusikowski.biz');
INSERT INTO users(id,first_name,last_name,email) VALUES(17,'Caitlyn','Murazik','van.auer@bahringerschowalter.com');
INSERT INTO users(id,first_name,last_name,email) VALUES(18,'Devonte','Schoen','kendrick@binawayn.biz');
INSERT INTO users(id,first_name,last_name,email) VALUES(19,'Hassan','Runte','weston.kautzer@hoppe.biz');
INSERT INTO users(id,first_name,last_name,email) VALUES(20,'Kendrick','Ward','rick@hoeger.org');
INSERT INTO users(id,first_name,last_name,email) VALUES(21,'Felicity','Carroll','rashawn@quigley.biz');
INSERT INTO users(id,first_name,last_name,email) VALUES(22,'Jovan','McClure','miller@harrishalvorson.net');
INSERT INTO users(id,first_name,last_name,email) VALUES(23,'Brian','Dooley','leon_feeney@cummings.name');
INSERT INTO users(id,first_name,last_name,email) VALUES(24,'Julien','Pfeffer','camron@bergnaum.info');
INSERT INTO users(id,first_name,last_name,email) VALUES(25,'Cleta','Adams','stanford@kertzmann.org');
INSERT INTO users(id,first_name,last_name,email) VALUES(26,'Verner','Schiller','audrey@hartmann.org');
INSERT INTO users(id,first_name,last_name,email) VALUES(27,'Monserrate','Legros','maggie.anderson@spinka.name');
INSERT INTO users(id,first_name,last_name,email) VALUES(28,'Dewitt','Gutkowski','bart@armstrongconn.com');
INSERT INTO users(id,first_name,last_name,email) VALUES(29,'Kennedi','McLaughlin','amy.hagenes@damorewalker.org');
INSERT INTO users(id,first_name,last_name,email) VALUES(30,'Cole','Walker','elfrieda@rogahn.org');
INSERT INTO users(id,first_name,last_name,email) VALUES(31,'Shany','Hodkiewicz','ivah_jacobs@kshlerinmarks.name');
INSERT INTO users(id,first_name,last_name,email) VALUES(32,'Ursula','Macejkovic','isaac@dietrich.info');
INSERT INTO users(id,first_name,last_name,email) VALUES(33,'Sanford','Pagac','tyrique_oconnell@upton.net');
INSERT INTO users(id,first_name,last_name,email) VALUES(34,'Jayme','Waters','ellsworth_kuhn@rogahn.net');
INSERT INTO users(id,first_name,last_name,email) VALUES(35,'Flavio','Schinner','diana.bauch@hodkiewicz.biz');
INSERT INTO users(id,first_name,last_name,email) VALUES(36,'Jennie','Smith','vivien@grady.com');
INSERT INTO users(id,first_name,last_name,email) VALUES(37,'Dee','Balistreri','kaya@walker.net');
INSERT INTO users(id,first_name,last_name,email) VALUES(38,'Marshall','Franecki','hyman@hamill.org');
INSERT INTO users(id,first_name,last_name,email) VALUES(39,'Virginie','Mitchell','daisy.crist@altenwerthmonahan.biz');
INSERT INTO users(id,first_name,last_name,email) VALUES(40,'Corrine','Little','rubie_kovacek@grimes.net');
INSERT INTO users(id,first_name,last_name,email) VALUES(41,'Dakota','McGlynn','marjolaine@herzog.net');
INSERT INTO users(id,first_name,last_name,email) VALUES(42,'Cleo','Effertz','hilario@bergnaum.net');
INSERT INTO users(id,first_name,last_name,email) VALUES(43,'Kyra','Kilback','demarcus.predovic@grimes.org');
INSERT INTO users(id,first_name,last_name,email) VALUES(44,'Randi','Kirlin','craig.berge@sauerweimann.net');
INSERT INTO users(id,first_name,last_name,email) VALUES(45,'Kayden','DuBuque','gage.langworth@millsturcotte.net');
INSERT INTO users(id,first_name,last_name,email) VALUES(46,'Derrick','Cummerata','libby.langosh@hodkiewicz.com');
INSERT INTO users(id,first_name,last_name,email) VALUES(47,'Colton','Crooks','declan_mclaughlin@carroll.biz');
INSERT INTO users(id,first_name,last_name,email) VALUES(48,'Roselyn','Zboncak','jeyca@pfannerstill.com');
INSERT INTO users(id,first_name,last_name,email) VALUES(49,'Ignacio','Buckridge','chance@wiegand.name');
INSERT INTO users(id,first_name,last_name,email) VALUES(50,'Norene','Bartell','natalie@cainkeeling.biz');

INSERT INTO addresses(id,user_id,street,city,state,zip) VALUES(1,1,'4432 Jacey Squares','Rautown','MI',28577);
INSERT INTO addresses(id,user_id,street,city,state,zip) VALUES(2,2,'8050 Nathan Viaduct','North Oswaldo','ND',56832);
INSERT INTO addresses(id,user_id,street,city,state,zip) VALUES(3,3,'57719 Alfredo Mountains','North Madelynstad','TN',12164);
INSERT INTO addresses(id,user_id,street,city,state,zip) VALUES(4,4,'1266 Schowalter Keys','Elizafort','SC',15753);
INSERT INTO addresses(id,user_id,street,city,state,zip) VALUES(5,4,'280 Katherine Prairie','Zacharyfurt','WA',47422);
INSERT INTO addresses(id,user_id,street,city,state,zip) VALUES(6,5,'632 Brown Fork','Port Jerrystad','IA',40939);
INSERT INTO addresses(id,user_id,street,city,state,zip) VALUES(7,6,'57558 Luna Crescent','New Martine','OK',66062);
INSERT INTO addresses(id,user_id,street,city,state,zip) VALUES(8,7,'725 Zboncak Forks','Myleneburgh','TX',87207);
INSERT INTO addresses(id,user_id,street,city,state,zip) VALUES(9,8,'552 Palma Manor','Emilioland','WI',15783);
INSERT INTO addresses(id,user_id,street,city,state,zip) VALUES(10,9,'47890 Reynolds Row','Port Virgieburgh','NJ',89767);
INSERT INTO addresses(id,user_id,street,city,state,zip) VALUES(11,10,'2842 Felicita Neck','East Adalbertomouth','IA',35913);
INSERT INTO addresses(id,user_id,street,city,state,zip) VALUES(12,11,'63785 Hackett Greens','Grantfurt','MO',72391);
INSERT INTO addresses(id,user_id,street,city,state,zip) VALUES(13,12,'9533 Felipa Hollow','Stokestown','CA',81978);
INSERT INTO addresses(id,user_id,street,city,state,zip) VALUES(14,13,'1186 Cole Extension','Ignacioshire','NE',25288);
INSERT INTO addresses(id,user_id,street,city,state,zip) VALUES(15,13,'990 Langworth Ridges','New Citlallitown','OH',34461);
INSERT INTO addresses(id,user_id,street,city,state,zip) VALUES(16,14,'552 Mohr Park','Dejuanmouth','NC',51667);
INSERT INTO addresses(id,user_id,street,city,state,zip) VALUES(17,15,'87235 Ubaldo Ville','South Carley','TN',92504);
INSERT INTO addresses(id,user_id,street,city,state,zip) VALUES(18,16,'1113 Pagac Points','Judahbury','MO',37109);
INSERT INTO addresses(id,user_id,street,city,state,zip) VALUES(19,17,'3174 Freda Lake','McDermottside','MI',13700);
INSERT INTO addresses(id,user_id,street,city,state,zip) VALUES(20,18,'370 Leslie Summit','West Agustinmouth','KY',39997);
INSERT INTO addresses(id,user_id,street,city,state,zip) VALUES(21,19,'30145 Rau Drive','Felipashire','NJ',59338);
INSERT INTO addresses(id,user_id,street,city,state,zip) VALUES(22,20,'848 Kathlyn Corner','North Deemouth','CA',52927);
INSERT INTO addresses(id,user_id,street,city,state,zip) VALUES(23,21,'17892 Cormier Manors','Crookschester','NJ',30161);
INSERT INTO addresses(id,user_id,street,city,state,zip) VALUES(24,22,'158 Destini Brook','New Orland','SD',92570);
INSERT INTO addresses(id,user_id,street,city,state,zip) VALUES(25,23,'7934 Padberg Field','East Rubyemouth','IL',38713);
INSERT INTO addresses(id,user_id,street,city,state,zip) VALUES(26,24,'798 Powlowski Haven','South Helenhaven','RI',23048);
INSERT INTO addresses(id,user_id,street,city,state,zip) VALUES(27,25,'106 Floy Spur','West Stevemouth','HI',69865);
INSERT INTO addresses(id,user_id,street,city,state,zip) VALUES(28,26,'95998 Karen Field','East Demarco','RI',33634);
INSERT INTO addresses(id,user_id,street,city,state,zip) VALUES(29,27,'999 Antonina Spring','Ritchiemouth','WI',21937);
INSERT INTO addresses(id,user_id,street,city,state,zip) VALUES(30,28,'67879 Pollich Spur','Creminview','NM',54279);
INSERT INTO addresses(id,user_id,street,city,state,zip) VALUES(31,29,'531 Michaela Mountain','North Dayne','AL',37069);
INSERT INTO addresses(id,user_id,street,city,state,zip) VALUES(32,30,'9135 Schowalter Highway','Gibsontown','MA',92176);
INSERT INTO addresses(id,user_id,street,city,state,zip) VALUES(33,31,'69044 Mckenna Ports','Port Winstonmouth','WY',39618);
INSERT INTO addresses(id,user_id,street,city,state,zip) VALUES(34,32,'2401 Shanny Plains','Hyattbury','IN',45431);
INSERT INTO addresses(id,user_id,street,city,state,zip) VALUES(35,33,'697 Turner Locks','Georgiannaberg','MI',20342);
INSERT INTO addresses(id,user_id,street,city,state,zip) VALUES(36,34,'5781 Labadie Flat','Lake Paul','CT',88387);
INSERT INTO addresses(id,user_id,street,city,state,zip) VALUES(37,35,'352 Von Divide','North Crystel','TN',75105);
INSERT INTO addresses(id,user_id,street,city,state,zip) VALUES(38,36,'4912 Labadie Corner','Lemketon','OH',21343);
INSERT INTO addresses(id,user_id,street,city,state,zip) VALUES(39,37,'7503 Cale Grove','Robertoshire','PA',49744);
INSERT INTO addresses(id,user_id,street,city,state,zip) VALUES(40,38,'80838 Durgan Unions','Wilbertbury','WI',74355);
INSERT INTO addresses(id,user_id,street,city,state,zip) VALUES(41,39,'12263 Jake Crossing','Roxanehaven','NY',34705);
INSERT INTO addresses(id,user_id,street,city,state,zip) VALUES(43,40,'6439 Zetta Hills','Willmouth','WY',15029);
INSERT INTO addresses(id,user_id,street,city,state,zip) VALUES(45,41,'81701 Paige Plains','Websterton','HI',79652);
INSERT INTO addresses(id,user_id,street,city,state,zip) VALUES(46,42,'716 Chanel Union','New Katheryn','AK',77373);
INSERT INTO addresses(id,user_id,street,city,state,zip) VALUES(47,43,'405 Zulauf Park','North Pascale','OK',51657);
INSERT INTO addresses(id,user_id,street,city,state,zip) VALUES(48,44,'20682 Ken Hollow','Feeneymouth','HI',53801);
INSERT INTO addresses(id,user_id,street,city,state,zip) VALUES(49,45,'25791 Cummings Mountain','Schustermouth','ND',79947);
INSERT INTO addresses(id,user_id,street,city,state,zip) VALUES(50,46,'889 Gladys Fall','New Allenport','LA',40273);
INSERT INTO addresses(id,user_id,street,city,state,zip) VALUES(51,47,'362 Estevan Harbors','East Otha','AZ',50571);
INSERT INTO addresses(id,user_id,street,city,state,zip) VALUES(52,48,'528 Gerard Springs','Lake Jamarcus','MA',16662);
INSERT INTO addresses(id,user_id,street,city,state,zip) VALUES(53,49,'34185 Ondricka Walk','South Jasper','CO',92804);
INSERT INTO addresses(id,user_id,street,city,state,zip) VALUES(54,50,'31445 Blick Brook','West Bryce','KS',43232);

INSERT INTO items(id,title,category,description,price) VALUES(1,'Fantastic Granite Pants','Games & Outdoors','Optional object-oriented concept',1151);
INSERT INTO items(id,title,category,description,price) VALUES(2,'Fantastic Wooden Chair','Computers','Re-contextualized reciprocal matrices',6215);
INSERT INTO items(id,title,category,description,price) VALUES(3,'Intelligent Concrete Computer','Computers, Sports & Grocery','Assimilated foreground functionalities',7815);
INSERT INTO items(id,title,category,description,price) VALUES(4,'Fantastic Steel Chair','Books','Advanced attitude-oriented encryption',9246);
INSERT INTO items(id,title,category,description,price) VALUES(5,'Ergonomic Plastic Gloves','Toys, Health & Shoes','Switchable web-enabled infrastructure',3953);
INSERT INTO items(id,title,category,description,price) VALUES(6,'Ergonomic Cotton Table','Shoes & Music','Vision-oriented client-server product',7753);
INSERT INTO items(id,title,category,description,price) VALUES(7,'Incredible Plastic Computer','Jewelery & Automotive','Inverse static archive',803);
INSERT INTO items(id,title,category,description,price) VALUES(8,'Fantastic Granite Gloves','Shoes','Pre-emptive disintermediate benchmark',3710);
INSERT INTO items(id,title,category,description,price) VALUES(9,'Fantastic Granite Computer','Jewelery','Monitored systematic flexibility',3669);
INSERT INTO items(id,title,category,description,price) VALUES(10,'Ergonomic Concrete Gloves','Baby & Electronics','Diverse client-driven hardware',6114);
INSERT INTO items(id,title,category,description,price) VALUES(11,'Intelligent Concrete Pants','Electronics','Proactive asymmetric superstructure',8623);
INSERT INTO items(id,title,category,description,price) VALUES(12,'Fantastic Rubber Shirt','Toys','Ergonomic impactful emulation',6720);
INSERT INTO items(id,title,category,description,price) VALUES(13,'Small Plastic Pants','Beauty, Shoes','Optimized actuating structure',7476);
INSERT INTO items(id,title,category,description,price) VALUES(14,'Gorgeous Wooden Computer','Grocery','Reactive bandwidth-monitored paradigm',5704);
INSERT INTO items(id,title,category,description,price) VALUES(15,'Gorgeous Concrete Hat','Automotive','Customer-focused reciprocal function',4370);
INSERT INTO items(id,title,category,description,price) VALUES(16,'Sleek Rubber Hat','Health & Toys','Cross-group 4th generation monitoring',2931);
INSERT INTO items(id,title,category,description,price) VALUES(17,'Sleek Granite Chair','Movies','Triple-buffered local process improvement',967);
INSERT INTO items(id,title,category,description,price) VALUES(18,'Small Plastic Computer','Clothing, Games & Grocery','Quality-focused eco-centric parallelism',5126);
INSERT INTO items(id,title,category,description,price) VALUES(19,'Ergonomic Plastic Shoes','Music, Outdoors & Home','Profound full-range structure',1043);
INSERT INTO items(id,title,category,description,price) VALUES(20,'Gorgeous Plastic Shoes','Industrial','Synergized stable orchestration',2851);
INSERT INTO items(id,title,category,description,price) VALUES(21,'Fantastic Rubber Shoes','Books','Reverse-engineered modular hierarchy',8904);
INSERT INTO items(id,title,category,description,price) VALUES(22,'Intelligent Wooden Car','Sports','Automated needs-based implementation',2741);
INSERT INTO items(id,title,category,description,price) VALUES(23,'Practical Granite Hat','Home','Grass-roots responsive knowledge base',3590);
INSERT INTO items(id,title,category,description,price) VALUES(24,'Rustic Steel Shirt','Sports','Implemented dedicated structure',301);
INSERT INTO items(id,title,category,description,price) VALUES(25,'Small Cotton Gloves','Automotive, Shoes & Beauty','Multi-layered modular service-desk',9984);
INSERT INTO items(id,title,category,description,price) VALUES(26,'Fantastic Concrete Shirt','Baby, Clothing & Sports','Cloned value-added open system',2362);
INSERT INTO items(id,title,category,description,price) VALUES(27,'Fantastic Steel Shirt','Shoes, Automotive & Kids','Reactive clear-thinking interface',4242);
INSERT INTO items(id,title,category,description,price) VALUES(28,'Rustic Concrete Computer','Games & Industrial','Customizable attitude-oriented time-frame',2979);
INSERT INTO items(id,title,category,description,price) VALUES(29,'Rustic Cotton Gloves','Health','Monitored heuristic encoding',2130);
INSERT INTO items(id,title,category,description,price) VALUES(30,'Fantastic Granite Chair','Games','Team-oriented composite archive',4121);
INSERT INTO items(id,title,category,description,price) VALUES(31,'Rustic Plastic Gloves','Baby, Beauty & Automotive','Monitored client-driven secured line',5989);
INSERT INTO items(id,title,category,description,price) VALUES(32,'Practical Rubber Shirt','Tools','De-engineered multimedia info-mediaries',1107);
INSERT INTO items(id,title,category,description,price) VALUES(33,'Ergonomic Rubber Shirt','Clothing','Synchronised contextually-based process improvement',2169);
INSERT INTO items(id,title,category,description,price) VALUES(34,'Incredible Granite Shoes','Baby & Computers','Programmable stable monitoring',2505);
INSERT INTO items(id,title,category,description,price) VALUES(35,'Incredible Cotton Chair','Baby & Music','Horizontal bottom-line conglomeration',5356);
INSERT INTO items(id,title,category,description,price) VALUES(36,'Rustic Wooden Shirt','Grocery','Sharable regional core',5725);
INSERT INTO items(id,title,category,description,price) VALUES(37,'Sleek Rubber Chair','Beauty, Electronics & Shoes','Versatile contextually-based service-desk',4246);
INSERT INTO items(id,title,category,description,price) VALUES(38,'Fantastic Concrete Hat','Clothing & Sports','Profit-focused multi-tasking monitoring',1007);
INSERT INTO items(id,title,category,description,price) VALUES(39,'Intelligent Wooden Computer','Beauty','Grass-roots user-facing system engine',7873);
INSERT INTO items(id,title,category,description,price) VALUES(40,'Sleek Wooden Hat','Music & Baby','Quality-focused heuristic info-mediaries',9390);
INSERT INTO items(id,title,category,description,price) VALUES(41,'Practical Granite Car','Beauty, Toys & Sports','Innovative fault-tolerant focus group',8324);
INSERT INTO items(id,title,category,description,price) VALUES(42,'Gorgeous Cotton Pants','Computers','Proactive 6th generation archive',2819);
INSERT INTO items(id,title,category,description,price) VALUES(43,'Ergonomic Concrete Shirt','Grocery, Health & Jewelery','Total content-based hub',5570);
INSERT INTO items(id,title,category,description,price) VALUES(44,'Sleek Concrete Chair','Electronics & Beauty','Object-based full-range Graphical User Interface',3038);
INSERT INTO items(id,title,category,description,price) VALUES(45,'Ergonomic Cotton Chair','Health, Clothing & Outdoors','Synchronised context-sensitive Graphical User Interface',7479);
INSERT INTO items(id,title,category,description,price) VALUES(46,'Practical Rubber Computer','Jewelery & Health','Synchronised foreground service-desk',7534);
INSERT INTO items(id,title,category,description,price) VALUES(47,'Rustic Plastic Gloves','Shoes, Computers & Kids','Customer-focused upward-trending initiative',612);
INSERT INTO items(id,title,category,description,price) VALUES(48,'Small Cotton Pants','Home, Games & Industrial','Re-engineered high-level emulation',8820);
INSERT INTO items(id,title,category,description,price) VALUES(49,'Incredible Granite Gloves','Garden & Toys','Ameliorated bottom-line function',798);
INSERT INTO items(id,title,category,description,price) VALUES(50,'Gorgeous Rubber Chair','Garden & Movies','Triple-buffered even-keeled capability',3335);
INSERT INTO items(id,title,category,description,price) VALUES(51,'Rustic Steel Shirt','Clothing & Toys','Proactive incremental attitude',615);
INSERT INTO items(id,title,category,description,price) VALUES(52,'Ergonomic Cotton Table','Music, Outdoors & Baby','Persevering logistical complexity',4961);
INSERT INTO items(id,title,category,description,price) VALUES(53,'Ergonomic Steel Gloves','Jewelery, Baby & Games','Automated zero administration frame',3563);
INSERT INTO items(id,title,category,description,price) VALUES(54,'Practical Steel Car','Baby & Toys','Up-sized zero defect complexity',6442);
INSERT INTO items(id,title,category,description,price) VALUES(55,'Ergonomic Cotton Shoes','Beauty & Baby','Vision-oriented secondary matrices',2911);
INSERT INTO items(id,title,category,description,price) VALUES(56,'Fantastic Concrete Chair','Automotive, Home & Electronics','Operative mission-critical orchestration',551);
INSERT INTO items(id,title,category,description,price) VALUES(57,'Rustic Steel Gloves','Jewelery & Automotive','Robust optimizing local area network',5418);
INSERT INTO items(id,title,category,description,price) VALUES(58,'Incredible Steel Gloves','Games','Innovative user-facing migration',9000);
INSERT INTO items(id,title,category,description,price) VALUES(59,'Fantastic Granite Computer','Jewelery & Industrial','Integrated context-sensitive matrices',7606);
INSERT INTO items(id,title,category,description,price) VALUES(60,'Ergonomic Steel Car','Outdoors','Enterprise-wide secondary firmware',9341);
INSERT INTO items(id,title,category,description,price) VALUES(61,'Practical Steel Pants','Kids','Phased 3rd generation middleware',1334);
INSERT INTO items(id,title,category,description,price) VALUES(62,'Gorgeous Cotton Hat','Outdoors, Health & Kids','Robust system-worthy budgetary management',3807);
INSERT INTO items(id,title,category,description,price) VALUES(63,'Incredible Concrete Chair','Shoes, Toys & Music','Object-based even-keeled orchestration',121);
INSERT INTO items(id,title,category,description,price) VALUES(64,'Gorgeous Plastic Computer','Garden & Games','Upgradable multi-state policy',1913);
INSERT INTO items(id,title,category,description,price) VALUES(65,'Incredible Granite Car','Music, Sports & Clothing','Virtual bi-directional alliance',7295);
INSERT INTO items(id,title,category,description,price) VALUES(66,'Gorgeous Granite Car','Computers','Enhanced encompassing parallelism',2768);
INSERT INTO items(id,title,category,description,price) VALUES(67,'Practical Concrete Table','Sports','Universal object-oriented functionalities',3160);
INSERT INTO items(id,title,category,description,price) VALUES(68,'Ergonomic Granite Computer','Industrial','De-engineered discrete frame',3249);
INSERT INTO items(id,title,category,description,price) VALUES(69,'Intelligent Rubber Chair','Home','Reduced intangible approach',3693);
INSERT INTO items(id,title,category,description,price) VALUES(70,'Intelligent Cotton Car','Games','Enhanced reciprocal application',1139);
INSERT INTO items(id,title,category,description,price) VALUES(71,'Practical Wooden Gloves','Automotive','Distributed heuristic throughput',3533);
INSERT INTO items(id,title,category,description,price) VALUES(72,'Small Wooden Table','Beauty & Music','Synergistic real-time analyzer',9180);
INSERT INTO items(id,title,category,description,price) VALUES(73,'Fantastic Cotton Chair','Sports','Operative 5th generation methodology',6279);
INSERT INTO items(id,title,category,description,price) VALUES(74,'Intelligent Plastic Shoes','Shoes, Music & Automotive','Open-source didactic orchestration',6697);
INSERT INTO items(id,title,category,description,price) VALUES(75,'Fantastic Plastic Table','Games, Home & Movies','Distributed interactive migration',2041);
INSERT INTO items(id,title,category,description,price) VALUES(76,'Ergonomic Granite Chair','Books','De-engineered bi-directional portal',1496);
INSERT INTO items(id,title,category,description,price) VALUES(77,'Fantastic Plastic Gloves','Beauty & Movies','Robust bandwidth-monitored local area network',6584);
INSERT INTO items(id,title,category,description,price) VALUES(78,'Awesome Cotton Car','Health','Up-sized composite hub',6183);
INSERT INTO items(id,title,category,description,price) VALUES(79,'Incredible Steel Hat','Baby','Managed multi-state Graphic Interface',2501);
INSERT INTO items(id,title,category,description,price) VALUES(80,'Incredible Plastic Gloves','Tools','Operative mission-critical emulation',5437);
INSERT INTO items(id,title,category,description,price) VALUES(81,'Ergonomic Wooden Computer','Health & Grocery','Persistent tangible leverage',9129);
INSERT INTO items(id,title,category,description,price) VALUES(82,'Practical Granite Computer','Health & Automotive','Monitored empowering definition',6434);
INSERT INTO items(id,title,category,description,price) VALUES(83,'Small Wooden Computer','Health','Re-engineered fault-tolerant adapter',9859);
INSERT INTO items(id,title,category,description,price) VALUES(84,'Rustic Cotton Chair','Games & Sports','Diverse exuding alliance',5210);
INSERT INTO items(id,title,category,description,price) VALUES(85,'Small Steel Car','Electronics','Virtual exuding Graphic Interface',4849);
INSERT INTO items(id,title,category,description,price) VALUES(86,'Small Cotton Chair','Movies','Versatile responsive archive',1220);
INSERT INTO items(id,title,category,description,price) VALUES(87,'Awesome Plastic Shirt','Tools','Balanced multimedia paradigm',839);
INSERT INTO items(id,title,category,description,price) VALUES(88,'Incredible Cotton Table','Sports, Garden & Industrial','Synergistic incremental knowledge base',5206);
INSERT INTO items(id,title,category,description,price) VALUES(89,'Gorgeous Granite Shoes','Sports','Organized content-based paradigm',8783);
INSERT INTO items(id,title,category,description,price) VALUES(90,'Practical Wooden Shoes','Jewelery, Computers & Movies','Customer-focused methodical success',8895);
INSERT INTO items(id,title,category,description,price) VALUES(91,'Practical Cotton Gloves','Movies','User-friendly 5th generation encoding',4366);
INSERT INTO items(id,title,category,description,price) VALUES(92,'Practical Concrete Computer','Health & Beauty','Horizontal maximized extranet',6927);
INSERT INTO items(id,title,category,description,price) VALUES(93,'Intelligent Cotton Computer','Baby','Self-enabling motivating throughput',7586);
INSERT INTO items(id,title,category,description,price) VALUES(94,'Awesome Granite Shirt','Garden','Universal homogeneous concept',3967);
INSERT INTO items(id,title,category,description,price) VALUES(95,'Small Cotton Hat','Beauty','Reduced regional instruction set',1727);
INSERT INTO items(id,title,category,description,price) VALUES(96,'Incredible Concrete Computer','Movies & Sports','Multi-layered zero administration task-force',6175);
INSERT INTO items(id,title,category,description,price) VALUES(97,'Incredible Granite Computer','Toys','De-engineered national policy',2377);
INSERT INTO items(id,title,category,description,price) VALUES(98,'Practical Plastic Hat','Books','Implemented non-volatile model',3056);
INSERT INTO items(id,title,category,description,price) VALUES(99,'Rustic Rubber Hat','Kids','Open-source object-oriented hierarchy',985);
INSERT INTO items(id,title,category,description,price) VALUES(100,'Awesome Granite Pants','Toys','Upgradable 24/7 access',9790);

INSERT INTO orders(id,user_id,item_id,quantity,created_at) VALUES(1,1,66,6,'2015-02-09 00:40:30.457665');
INSERT INTO orders(id,user_id,item_id,quantity,created_at) VALUES(2,1,27,1,'2015-02-09 00:40:30.460741');
INSERT INTO orders(id,user_id,item_id,quantity,created_at) VALUES(3,1,45,8,'2015-02-09 00:40:30.463443');
INSERT INTO orders(id,user_id,item_id,quantity,created_at) VALUES(4,1,68,2,'2015-02-09 00:40:30.465757');
INSERT INTO orders(id,user_id,item_id,quantity,created_at) VALUES(5,1,55,7,'2015-02-09 00:40:30.468457');
INSERT INTO orders(id,user_id,item_id,quantity,created_at) VALUES(6,2,47,8,'2015-02-09 00:40:30.471552');
INSERT INTO orders(id,user_id,item_id,quantity,created_at) VALUES(7,2,66,10,'2015-02-09 00:40:30.497283');
INSERT INTO orders(id,user_id,item_id,quantity,created_at) VALUES(8,2,100,10,'2015-02-09 00:40:30.502089');
INSERT INTO orders(id,user_id,item_id,quantity,created_at) VALUES(9,2,82,8,'2015-02-09 00:40:30.505770');
INSERT INTO orders(id,user_id,item_id,quantity,created_at) VALUES(10,3,36,10,'2015-02-09 00:40:30.509296');
INSERT INTO orders(id,user_id,item_id,quantity,created_at) VALUES(11,3,89,7,'2015-02-09 00:40:30.511547');
INSERT INTO orders(id,user_id,item_id,quantity,created_at) VALUES(12,3,93,5,'2015-02-09 00:40:30.513770');
INSERT INTO orders(id,user_id,item_id,quantity,created_at) VALUES(13,3,68,7,'2015-02-09 00:40:30.515793');
INSERT INTO orders(id,user_id,item_id,quantity,created_at) VALUES(14,3,46,5,'2015-02-09 00:40:30.518273');
INSERT INTO orders(id,user_id,item_id,quantity,created_at) VALUES(15,3,49,4,'2015-02-09 00:40:30.520858');
INSERT INTO orders(id,user_id,item_id,quantity,created_at) VALUES(16,3,76,8,'2015-02-09 00:40:30.523024');
INSERT INTO orders(id,user_id,item_id,quantity,created_at) VALUES(17,3,35,1,'2015-02-09 00:40:30.525214');
INSERT INTO orders(id,user_id,item_id,quantity,created_at) VALUES(18,3,47,8,'2015-02-09 00:40:30.527921');
INSERT INTO orders(id,user_id,item_id,quantity,created_at) VALUES(19,4,75,3,'2015-02-09 00:40:30.530421');
INSERT INTO orders(id,user_id,item_id,quantity,created_at) VALUES(20,4,31,4,'2015-02-09 00:40:30.532366');
INSERT INTO orders(id,user_id,item_id,quantity,created_at) VALUES(21,4,46,5,'2015-02-09 00:40:30.534300');
INSERT INTO orders(id,user_id,item_id,quantity,created_at) VALUES(22,4,77,6,'2015-02-09 00:40:30.536344');
INSERT INTO orders(id,user_id,item_id,quantity,created_at) VALUES(23,4,7,10,'2015-02-09 00:40:30.538460');
INSERT INTO orders(id,user_id,item_id,quantity,created_at) VALUES(24,4,28,1,'2015-02-09 00:40:30.540431');
INSERT INTO orders(id,user_id,item_id,quantity,created_at) VALUES(25,4,70,1,'2015-02-09 00:40:30.542598');
INSERT INTO orders(id,user_id,item_id,quantity,created_at) VALUES(26,4,15,2,'2015-02-09 00:40:30.544501');
INSERT INTO orders(id,user_id,item_id,quantity,created_at) VALUES(27,4,24,4,'2015-02-09 00:40:30.546361');
INSERT INTO orders(id,user_id,item_id,quantity,created_at) VALUES(28,5,68,1,'2015-02-09 00:40:30.548574');
INSERT INTO orders(id,user_id,item_id,quantity,created_at) VALUES(29,5,10,1,'2015-02-09 00:40:30.555512');
INSERT INTO orders(id,user_id,item_id,quantity,created_at) VALUES(30,5,86,2,'2015-02-09 00:40:30.557707');
INSERT INTO orders(id,user_id,item_id,quantity,created_at) VALUES(31,5,81,1,'2015-02-09 00:40:30.559721');
INSERT INTO orders(id,user_id,item_id,quantity,created_at) VALUES(32,5,67,2,'2015-02-09 00:40:30.561894');
INSERT INTO orders(id,user_id,item_id,quantity,created_at) VALUES(33,5,14,3,'2015-02-09 00:40:30.563966');
INSERT INTO orders(id,user_id,item_id,quantity,created_at) VALUES(34,6,94,4,'2015-02-09 00:40:30.566097');
INSERT INTO orders(id,user_id,item_id,quantity,created_at) VALUES(35,6,5,7,'2015-02-09 00:40:30.568024');
INSERT INTO orders(id,user_id,item_id,quantity,created_at) VALUES(36,6,7,8,'2015-02-09 00:40:30.569998');
INSERT INTO orders(id,user_id,item_id,quantity,created_at) VALUES(37,6,35,6,'2015-02-09 00:40:30.572244');
INSERT INTO orders(id,user_id,item_id,quantity,created_at) VALUES(38,7,89,8,'2015-02-09 00:40:30.574524');
INSERT INTO orders(id,user_id,item_id,quantity,created_at) VALUES(39,7,7,6,'2015-02-09 00:40:30.576567');
INSERT INTO orders(id,user_id,item_id,quantity,created_at) VALUES(40,7,18,8,'2015-02-09 00:40:30.578680');
INSERT INTO orders(id,user_id,item_id,quantity,created_at) VALUES(41,7,84,2,'2015-02-09 00:40:30.580603');
INSERT INTO orders(id,user_id,item_id,quantity,created_at) VALUES(42,7,98,7,'2015-02-09 00:40:30.583421');
INSERT INTO orders(id,user_id,item_id,quantity,created_at) VALUES(43,7,81,4,'2015-02-09 00:40:30.585451');
INSERT INTO orders(id,user_id,item_id,quantity,created_at) VALUES(44,7,52,4,'2015-02-09 00:40:30.587383');
INSERT INTO orders(id,user_id,item_id,quantity,created_at) VALUES(45,7,91,2,'2015-02-09 00:40:30.589502');
INSERT INTO orders(id,user_id,item_id,quantity,created_at) VALUES(46,8,33,9,'2015-02-09 00:40:30.591714');
INSERT INTO orders(id,user_id,item_id,quantity,created_at) VALUES(47,8,43,7,'2015-02-09 00:40:30.593906');
INSERT INTO orders(id,user_id,item_id,quantity,created_at) VALUES(48,8,28,4,'2015-02-09 00:40:30.595902');
INSERT INTO orders(id,user_id,item_id,quantity,created_at) VALUES(49,9,46,3,'2015-02-09 00:40:30.598102');
INSERT INTO orders(id,user_id,item_id,quantity,created_at) VALUES(50,9,29,3,'2015-02-09 00:40:30.600153');
INSERT INTO orders(id,user_id,item_id,quantity,created_at) VALUES(51,9,64,8,'2015-02-09 00:40:30.602247');
INSERT INTO orders(id,user_id,item_id,quantity,created_at) VALUES(52,9,90,9,'2015-02-09 00:40:30.604411');
INSERT INTO orders(id,user_id,item_id,quantity,created_at) VALUES(53,9,30,1,'2015-02-09 00:40:30.606528');
INSERT INTO orders(id,user_id,item_id,quantity,created_at) VALUES(54,9,45,7,'2015-02-09 00:40:30.609308');
INSERT INTO orders(id,user_id,item_id,quantity,created_at) VALUES(55,10,51,3,'2015-02-09 00:40:30.612367');
INSERT INTO orders(id,user_id,item_id,quantity,created_at) VALUES(56,10,24,6,'2015-02-09 00:40:30.614634');
INSERT INTO orders(id,user_id,item_id,quantity,created_at) VALUES(57,10,82,5,'2015-02-09 00:40:30.616818');
INSERT INTO orders(id,user_id,item_id,quantity,created_at) VALUES(58,10,94,4,'2015-02-09 00:40:30.618808');
INSERT INTO orders(id,user_id,item_id,quantity,created_at) VALUES(59,10,17,5,'2015-02-09 00:40:30.620703');
INSERT INTO orders(id,user_id,item_id,quantity,created_at) VALUES(60,11,1,8,'2015-02-09 00:40:30.622790');
INSERT INTO orders(id,user_id,item_id,quantity,created_at) VALUES(61,11,64,6,'2015-02-09 00:40:30.624994');
INSERT INTO orders(id,user_id,item_id,quantity,created_at) VALUES(62,11,18,6,'2015-02-09 00:40:30.627003');
INSERT INTO orders(id,user_id,item_id,quantity,created_at) VALUES(63,11,100,9,'2015-02-09 00:40:30.628921');
INSERT INTO orders(id,user_id,item_id,quantity,created_at) VALUES(64,11,13,4,'2015-02-09 00:40:30.630843');
INSERT INTO orders(id,user_id,item_id,quantity,created_at) VALUES(65,11,98,9,'2015-02-09 00:40:30.632689');
INSERT INTO orders(id,user_id,item_id,quantity,created_at) VALUES(66,11,14,4,'2015-02-09 00:40:30.634876');
INSERT INTO orders(id,user_id,item_id,quantity,created_at) VALUES(67,11,80,6,'2015-02-09 00:40:30.637007');
INSERT INTO orders(id,user_id,item_id,quantity,created_at) VALUES(68,11,55,10,'2015-02-09 00:40:30.638932');
INSERT INTO orders(id,user_id,item_id,quantity,created_at) VALUES(69,11,46,1,'2015-02-09 00:40:30.640846');
INSERT INTO orders(id,user_id,item_id,quantity,created_at) VALUES(70,11,52,3,'2015-02-09 00:40:30.642800');
INSERT INTO orders(id,user_id,item_id,quantity,created_at) VALUES(71,11,83,5,'2015-02-09 00:40:30.644721');
INSERT INTO orders(id,user_id,item_id,quantity,created_at) VALUES(72,11,89,6,'2015-02-09 00:40:30.647099');
INSERT INTO orders(id,user_id,item_id,quantity,created_at) VALUES(73,12,17,9,'2015-02-09 00:40:30.649561');
INSERT INTO orders(id,user_id,item_id,quantity,created_at) VALUES(74,12,53,10,'2015-02-09 00:40:30.651675');
INSERT INTO orders(id,user_id,item_id,quantity,created_at) VALUES(75,12,46,8,'2015-02-09 00:40:30.653712');
INSERT INTO orders(id,user_id,item_id,quantity,created_at) VALUES(76,13,61,9,'2015-02-09 00:40:30.655913');
INSERT INTO orders(id,user_id,item_id,quantity,created_at) VALUES(77,13,66,7,'2015-02-09 00:40:30.657891');
INSERT INTO orders(id,user_id,item_id,quantity,created_at) VALUES(78,13,65,4,'2015-02-09 00:40:30.660309');
INSERT INTO orders(id,user_id,item_id,quantity,created_at) VALUES(79,13,30,10,'2015-02-09 00:40:30.662361');
INSERT INTO orders(id,user_id,item_id,quantity,created_at) VALUES(80,13,19,1,'2015-02-09 00:40:30.664344');
INSERT INTO orders(id,user_id,item_id,quantity,created_at) VALUES(81,13,29,10,'2015-02-09 00:40:30.666370');
INSERT INTO orders(id,user_id,item_id,quantity,created_at) VALUES(82,13,14,1,'2015-02-09 00:40:30.668368');
INSERT INTO orders(id,user_id,item_id,quantity,created_at) VALUES(83,13,64,6,'2015-02-09 00:40:30.670538');
INSERT INTO orders(id,user_id,item_id,quantity,created_at) VALUES(84,13,73,1,'2015-02-09 00:40:30.672513');
INSERT INTO orders(id,user_id,item_id,quantity,created_at) VALUES(85,13,96,8,'2015-02-09 00:40:30.674546');
INSERT INTO orders(id,user_id,item_id,quantity,created_at) VALUES(86,13,21,8,'2015-02-09 00:40:30.676541');
INSERT INTO orders(id,user_id,item_id,quantity,created_at) VALUES(87,13,58,1,'2015-02-09 00:40:30.678565');
INSERT INTO orders(id,user_id,item_id,quantity,created_at) VALUES(88,13,72,9,'2015-02-09 00:40:30.680869');
INSERT INTO orders(id,user_id,item_id,quantity,created_at) VALUES(89,13,40,9,'2015-02-09 00:40:30.683039');
INSERT INTO orders(id,user_id,item_id,quantity,created_at) VALUES(90,13,50,3,'2015-02-09 00:40:30.685155');
INSERT INTO orders(id,user_id,item_id,quantity,created_at) VALUES(91,14,17,8,'2015-02-09 00:40:30.687458');
INSERT INTO orders(id,user_id,item_id,quantity,created_at) VALUES(92,14,41,7,'2015-02-09 00:40:30.689510');
INSERT INTO orders(id,user_id,item_id,quantity,created_at) VALUES(93,14,83,2,'2015-02-09 00:40:30.691743');
INSERT INTO orders(id,user_id,item_id,quantity,created_at) VALUES(94,14,75,10,'2015-02-09 00:40:30.694058');
INSERT INTO orders(id,user_id,item_id,quantity,created_at) VALUES(95,14,13,4,'2015-02-09 00:40:30.696586');
INSERT INTO orders(id,user_id,item_id,quantity,created_at) VALUES(96,14,99,8,'2015-02-09 00:40:30.699061');
INSERT INTO orders(id,user_id,item_id,quantity,created_at) VALUES(97,14,77,9,'2015-02-09 00:40:30.701614');
INSERT INTO orders(id,user_id,item_id,quantity,created_at) VALUES(98,14,72,8,'2015-02-09 00:40:30.704167');
INSERT INTO orders(id,user_id,item_id,quantity,created_at) VALUES(99,14,49,5,'2015-02-09 00:40:30.706535');
INSERT INTO orders(id,user_id,item_id,quantity,created_at) VALUES(100,15,74,5,'2015-02-09 00:40:30.708976');
INSERT INTO orders(id,user_id,item_id,quantity,created_at) VALUES(101,15,19,2,'2015-02-09 00:40:30.711230');
INSERT INTO orders(id,user_id,item_id,quantity,created_at) VALUES(102,15,51,8,'2015-02-09 00:40:30.713317');
INSERT INTO orders(id,user_id,item_id,quantity,created_at) VALUES(103,15,5,10,'2015-02-09 00:40:30.715309');
INSERT INTO orders(id,user_id,item_id,quantity,created_at) VALUES(104,15,6,4,'2015-02-09 00:40:30.717191');
INSERT INTO orders(id,user_id,item_id,quantity,created_at) VALUES(105,15,50,3,'2015-02-09 00:40:30.719167');
INSERT INTO orders(id,user_id,item_id,quantity,created_at) VALUES(106,15,76,7,'2015-02-09 00:40:30.721029');
INSERT INTO orders(id,user_id,item_id,quantity,created_at) VALUES(107,15,41,6,'2015-02-09 00:40:30.723184');
INSERT INTO orders(id,user_id,item_id,quantity,created_at) VALUES(108,15,10,9,'2015-02-09 00:40:30.725218');
INSERT INTO orders(id,user_id,item_id,quantity,created_at) VALUES(109,15,29,9,'2015-02-09 00:40:30.727107');
INSERT INTO orders(id,user_id,item_id,quantity,created_at) VALUES(110,15,97,1,'2015-02-09 00:40:30.729005');
INSERT INTO orders(id,user_id,item_id,quantity,created_at) VALUES(111,16,67,5,'2015-02-09 00:40:30.731146');
INSERT INTO orders(id,user_id,item_id,quantity,created_at) VALUES(112,16,14,8,'2015-02-09 00:40:30.733043');
INSERT INTO orders(id,user_id,item_id,quantity,created_at) VALUES(113,16,69,2,'2015-02-09 00:40:30.734925');
INSERT INTO orders(id,user_id,item_id,quantity,created_at) VALUES(114,16,12,4,'2015-02-09 00:40:30.736930');
INSERT INTO orders(id,user_id,item_id,quantity,created_at) VALUES(115,16,7,6,'2015-02-09 00:40:30.738785');
INSERT INTO orders(id,user_id,item_id,quantity,created_at) VALUES(116,16,33,8,'2015-02-09 00:40:30.740737');
INSERT INTO orders(id,user_id,item_id,quantity,created_at) VALUES(117,16,27,9,'2015-02-09 00:40:30.742664');
INSERT INTO orders(id,user_id,item_id,quantity,created_at) VALUES(118,16,56,3,'2015-02-09 00:40:30.744665');
INSERT INTO orders(id,user_id,item_id,quantity,created_at) VALUES(119,16,13,9,'2015-02-09 00:40:30.746631');
INSERT INTO orders(id,user_id,item_id,quantity,created_at) VALUES(120,16,96,1,'2015-02-09 00:40:30.748520');
INSERT INTO orders(id,user_id,item_id,quantity,created_at) VALUES(121,16,45,10,'2015-02-09 00:40:30.750412');
INSERT INTO orders(id,user_id,item_id,quantity,created_at) VALUES(122,17,34,9,'2015-02-09 00:40:30.752497');
INSERT INTO orders(id,user_id,item_id,quantity,created_at) VALUES(123,17,71,2,'2015-02-09 00:40:30.755120');
INSERT INTO orders(id,user_id,item_id,quantity,created_at) VALUES(124,17,88,9,'2015-02-09 00:40:30.756929');
INSERT INTO orders(id,user_id,item_id,quantity,created_at) VALUES(125,18,13,7,'2015-02-09 00:40:30.759077');
INSERT INTO orders(id,user_id,item_id,quantity,created_at) VALUES(126,18,85,6,'2015-02-09 00:40:30.760936');
INSERT INTO orders(id,user_id,item_id,quantity,created_at) VALUES(127,18,2,5,'2015-02-09 00:40:30.762898');
INSERT INTO orders(id,user_id,item_id,quantity,created_at) VALUES(128,18,35,10,'2015-02-09 00:40:30.764887');
INSERT INTO orders(id,user_id,item_id,quantity,created_at) VALUES(129,19,92,9,'2015-02-09 00:40:30.767187');
INSERT INTO orders(id,user_id,item_id,quantity,created_at) VALUES(130,19,73,9,'2015-02-09 00:40:30.769179');
INSERT INTO orders(id,user_id,item_id,quantity,created_at) VALUES(131,19,66,6,'2015-02-09 00:40:30.771018');
INSERT INTO orders(id,user_id,item_id,quantity,created_at) VALUES(132,19,90,10,'2015-02-09 00:40:30.772832');
INSERT INTO orders(id,user_id,item_id,quantity,created_at) VALUES(133,19,95,8,'2015-02-09 00:40:30.774826');
INSERT INTO orders(id,user_id,item_id,quantity,created_at) VALUES(134,19,61,7,'2015-02-09 00:40:30.776774');
INSERT INTO orders(id,user_id,item_id,quantity,created_at) VALUES(135,19,43,10,'2015-02-09 00:40:30.778699');
INSERT INTO orders(id,user_id,item_id,quantity,created_at) VALUES(136,19,46,9,'2015-02-09 00:40:30.780684');
INSERT INTO orders(id,user_id,item_id,quantity,created_at) VALUES(137,19,25,2,'2015-02-09 00:40:30.782506');
INSERT INTO orders(id,user_id,item_id,quantity,created_at) VALUES(138,19,54,9,'2015-02-09 00:40:30.784496');
INSERT INTO orders(id,user_id,item_id,quantity,created_at) VALUES(139,19,29,6,'2015-02-09 00:40:30.786534');
INSERT INTO orders(id,user_id,item_id,quantity,created_at) VALUES(140,19,21,6,'2015-02-09 00:40:30.788811');
INSERT INTO orders(id,user_id,item_id,quantity,created_at) VALUES(141,19,67,7,'2015-02-09 00:40:30.790841');
INSERT INTO orders(id,user_id,item_id,quantity,created_at) VALUES(142,19,65,10,'2015-02-09 00:40:30.792816');
INSERT INTO orders(id,user_id,item_id,quantity,created_at) VALUES(143,19,85,6,'2015-02-09 00:40:30.794655');
INSERT INTO orders(id,user_id,item_id,quantity,created_at) VALUES(144,20,64,4,'2015-02-09 00:40:30.796732');
INSERT INTO orders(id,user_id,item_id,quantity,created_at) VALUES(145,20,23,8,'2015-02-09 00:40:30.798846');
INSERT INTO orders(id,user_id,item_id,quantity,created_at) VALUES(146,20,65,9,'2015-02-09 00:40:30.800896');
INSERT INTO orders(id,user_id,item_id,quantity,created_at) VALUES(147,20,26,5,'2015-02-09 00:40:30.802964');
INSERT INTO orders(id,user_id,item_id,quantity,created_at) VALUES(148,20,91,8,'2015-02-09 00:40:30.804879');
INSERT INTO orders(id,user_id,item_id,quantity,created_at) VALUES(149,20,39,1,'2015-02-09 00:40:30.806818');
INSERT INTO orders(id,user_id,item_id,quantity,created_at) VALUES(150,20,9,2,'2015-02-09 00:40:30.808789');
INSERT INTO orders(id,user_id,item_id,quantity,created_at) VALUES(151,20,21,9,'2015-02-09 00:40:30.810992');
INSERT INTO orders(id,user_id,item_id,quantity,created_at) VALUES(152,20,79,6,'2015-02-09 00:40:30.813008');
INSERT INTO orders(id,user_id,item_id,quantity,created_at) VALUES(153,21,38,3,'2015-02-09 00:40:30.815084');
INSERT INTO orders(id,user_id,item_id,quantity,created_at) VALUES(154,21,82,1,'2015-02-09 00:40:30.816993');
INSERT INTO orders(id,user_id,item_id,quantity,created_at) VALUES(155,21,87,8,'2015-02-09 00:40:30.818856');
INSERT INTO orders(id,user_id,item_id,quantity,created_at) VALUES(156,21,54,1,'2015-02-09 00:40:30.820744');
INSERT INTO orders(id,user_id,item_id,quantity,created_at) VALUES(157,21,21,8,'2015-02-09 00:40:30.822710');
INSERT INTO orders(id,user_id,item_id,quantity,created_at) VALUES(158,21,52,10,'2015-02-09 00:40:30.824688');
INSERT INTO orders(id,user_id,item_id,quantity,created_at) VALUES(159,21,1,7,'2015-02-09 00:40:30.826684');
INSERT INTO orders(id,user_id,item_id,quantity,created_at) VALUES(160,22,45,6,'2015-02-09 00:40:30.828796');
INSERT INTO orders(id,user_id,item_id,quantity,created_at) VALUES(161,22,95,1,'2015-02-09 00:40:30.830634');
INSERT INTO orders(id,user_id,item_id,quantity,created_at) VALUES(162,22,62,2,'2015-02-09 00:40:30.832779');
INSERT INTO orders(id,user_id,item_id,quantity,created_at) VALUES(163,22,5,7,'2015-02-09 00:40:30.834821');
INSERT INTO orders(id,user_id,item_id,quantity,created_at) VALUES(164,23,84,4,'2015-02-09 00:40:30.836893');
INSERT INTO orders(id,user_id,item_id,quantity,created_at) VALUES(165,23,75,7,'2015-02-09 00:40:30.838828');
INSERT INTO orders(id,user_id,item_id,quantity,created_at) VALUES(166,23,25,1,'2015-02-09 00:40:30.840704');
INSERT INTO orders(id,user_id,item_id,quantity,created_at) VALUES(167,23,11,8,'2015-02-09 00:40:30.842673');
INSERT INTO orders(id,user_id,item_id,quantity,created_at) VALUES(168,24,87,10,'2015-02-09 00:40:30.844890');
INSERT INTO orders(id,user_id,item_id,quantity,created_at) VALUES(169,24,13,5,'2015-02-09 00:40:30.846810');
INSERT INTO orders(id,user_id,item_id,quantity,created_at) VALUES(170,24,81,3,'2015-02-09 00:40:30.848722');
INSERT INTO orders(id,user_id,item_id,quantity,created_at) VALUES(171,24,65,6,'2015-02-09 00:40:30.850676');
INSERT INTO orders(id,user_id,item_id,quantity,created_at) VALUES(172,24,12,4,'2015-02-09 00:40:30.852662');
INSERT INTO orders(id,user_id,item_id,quantity,created_at) VALUES(173,24,51,2,'2015-02-09 00:40:30.855190');
INSERT INTO orders(id,user_id,item_id,quantity,created_at) VALUES(174,24,50,3,'2015-02-09 00:40:30.857660');
INSERT INTO orders(id,user_id,item_id,quantity,created_at) VALUES(175,24,74,1,'2015-02-09 00:40:30.859965');
INSERT INTO orders(id,user_id,item_id,quantity,created_at) VALUES(176,24,24,4,'2015-02-09 00:40:30.862258');
INSERT INTO orders(id,user_id,item_id,quantity,created_at) VALUES(177,24,19,7,'2015-02-09 00:40:30.865317');
INSERT INTO orders(id,user_id,item_id,quantity,created_at) VALUES(178,24,77,5,'2015-02-09 00:40:30.867929');
INSERT INTO orders(id,user_id,item_id,quantity,created_at) VALUES(179,24,85,7,'2015-02-09 00:40:30.870183');
INSERT INTO orders(id,user_id,item_id,quantity,created_at) VALUES(180,25,33,1,'2015-02-09 00:40:30.872660');
INSERT INTO orders(id,user_id,item_id,quantity,created_at) VALUES(181,25,58,10,'2015-02-09 00:40:30.874865');
INSERT INTO orders(id,user_id,item_id,quantity,created_at) VALUES(182,25,18,1,'2015-02-09 00:40:30.877192');
INSERT INTO orders(id,user_id,item_id,quantity,created_at) VALUES(183,25,26,9,'2015-02-09 00:40:30.903709');
INSERT INTO orders(id,user_id,item_id,quantity,created_at) VALUES(184,25,42,5,'2015-02-09 00:40:30.906990');
INSERT INTO orders(id,user_id,item_id,quantity,created_at) VALUES(185,25,10,2,'2015-02-09 00:40:30.909817');
INSERT INTO orders(id,user_id,item_id,quantity,created_at) VALUES(186,25,25,1,'2015-02-09 00:40:30.912356');
INSERT INTO orders(id,user_id,item_id,quantity,created_at) VALUES(187,25,75,8,'2015-02-09 00:40:30.914893');
INSERT INTO orders(id,user_id,item_id,quantity,created_at) VALUES(188,25,93,1,'2015-02-09 00:40:30.917375');
INSERT INTO orders(id,user_id,item_id,quantity,created_at) VALUES(189,25,71,8,'2015-02-09 00:40:30.919701');
INSERT INTO orders(id,user_id,item_id,quantity,created_at) VALUES(190,25,22,4,'2015-02-09 00:40:30.922027');
INSERT INTO orders(id,user_id,item_id,quantity,created_at) VALUES(191,25,72,3,'2015-02-09 00:40:30.924129');
INSERT INTO orders(id,user_id,item_id,quantity,created_at) VALUES(192,25,90,10,'2015-02-09 00:40:30.926157');
INSERT INTO orders(id,user_id,item_id,quantity,created_at) VALUES(193,25,3,10,'2015-02-09 00:40:30.928244');
INSERT INTO orders(id,user_id,item_id,quantity,created_at) VALUES(194,26,89,6,'2015-02-09 00:40:30.930376');
INSERT INTO orders(id,user_id,item_id,quantity,created_at) VALUES(195,26,24,8,'2015-02-09 00:40:30.932249');
INSERT INTO orders(id,user_id,item_id,quantity,created_at) VALUES(196,26,48,8,'2015-02-09 00:40:30.934170');
INSERT INTO orders(id,user_id,item_id,quantity,created_at) VALUES(197,26,70,3,'2015-02-09 00:40:30.936224');
INSERT INTO orders(id,user_id,item_id,quantity,created_at) VALUES(198,26,95,9,'2015-02-09 00:40:30.938455');
INSERT INTO orders(id,user_id,item_id,quantity,created_at) VALUES(199,26,72,2,'2015-02-09 00:40:30.940303');
INSERT INTO orders(id,user_id,item_id,quantity,created_at) VALUES(200,26,45,9,'2015-02-09 00:40:30.942243');
INSERT INTO orders(id,user_id,item_id,quantity,created_at) VALUES(201,27,29,5,'2015-02-09 00:40:30.944372');
INSERT INTO orders(id,user_id,item_id,quantity,created_at) VALUES(202,27,19,3,'2015-02-09 00:40:30.946208');
INSERT INTO orders(id,user_id,item_id,quantity,created_at) VALUES(203,27,91,1,'2015-02-09 00:40:30.948146');
INSERT INTO orders(id,user_id,item_id,quantity,created_at) VALUES(204,27,17,6,'2015-02-09 00:40:30.950303');
INSERT INTO orders(id,user_id,item_id,quantity,created_at) VALUES(205,27,52,5,'2015-02-09 00:40:30.952414');
INSERT INTO orders(id,user_id,item_id,quantity,created_at) VALUES(206,27,44,6,'2015-02-09 00:40:30.954291');
INSERT INTO orders(id,user_id,item_id,quantity,created_at) VALUES(207,27,78,7,'2015-02-09 00:40:30.956143');
INSERT INTO orders(id,user_id,item_id,quantity,created_at) VALUES(208,27,11,9,'2015-02-09 00:40:30.958317');
INSERT INTO orders(id,user_id,item_id,quantity,created_at) VALUES(209,27,93,6,'2015-02-09 00:40:30.960278');
INSERT INTO orders(id,user_id,item_id,quantity,created_at) VALUES(210,27,32,5,'2015-02-09 00:40:30.962300');
INSERT INTO orders(id,user_id,item_id,quantity,created_at) VALUES(211,27,12,2,'2015-02-09 00:40:30.964238');
INSERT INTO orders(id,user_id,item_id,quantity,created_at) VALUES(212,27,25,1,'2015-02-09 00:40:30.966132');
INSERT INTO orders(id,user_id,item_id,quantity,created_at) VALUES(213,27,64,5,'2015-02-09 00:40:30.968062');
INSERT INTO orders(id,user_id,item_id,quantity,created_at) VALUES(214,27,4,5,'2015-02-09 00:40:30.970100');
INSERT INTO orders(id,user_id,item_id,quantity,created_at) VALUES(215,27,10,4,'2015-02-09 00:40:30.972093');
INSERT INTO orders(id,user_id,item_id,quantity,created_at) VALUES(216,28,6,4,'2015-02-09 00:40:30.974247');
INSERT INTO orders(id,user_id,item_id,quantity,created_at) VALUES(217,28,26,10,'2015-02-09 00:40:30.976121');
INSERT INTO orders(id,user_id,item_id,quantity,created_at) VALUES(218,28,81,10,'2015-02-09 00:40:30.977949');
INSERT INTO orders(id,user_id,item_id,quantity,created_at) VALUES(219,28,35,9,'2015-02-09 00:40:30.979859');
INSERT INTO orders(id,user_id,item_id,quantity,created_at) VALUES(220,28,67,10,'2015-02-09 00:40:30.981903');
INSERT INTO orders(id,user_id,item_id,quantity,created_at) VALUES(221,29,68,1,'2015-02-09 00:40:30.983942');
INSERT INTO orders(id,user_id,item_id,quantity,created_at) VALUES(222,29,12,6,'2015-02-09 00:40:30.985756');
INSERT INTO orders(id,user_id,item_id,quantity,created_at) VALUES(223,29,69,10,'2015-02-09 00:40:30.987652');
INSERT INTO orders(id,user_id,item_id,quantity,created_at) VALUES(224,29,65,7,'2015-02-09 00:40:30.989640');
INSERT INTO orders(id,user_id,item_id,quantity,created_at) VALUES(225,29,38,6,'2015-02-09 00:40:30.991593');
INSERT INTO orders(id,user_id,item_id,quantity,created_at) VALUES(226,29,41,10,'2015-02-09 00:40:30.993431');
INSERT INTO orders(id,user_id,item_id,quantity,created_at) VALUES(227,29,83,7,'2015-02-09 00:40:30.995410');
INSERT INTO orders(id,user_id,item_id,quantity,created_at) VALUES(228,29,32,1,'2015-02-09 00:40:30.997377');
INSERT INTO orders(id,user_id,item_id,quantity,created_at) VALUES(229,29,97,10,'2015-02-09 00:40:30.999244');
INSERT INTO orders(id,user_id,item_id,quantity,created_at) VALUES(230,30,78,5,'2015-02-09 00:40:31.001516');
INSERT INTO orders(id,user_id,item_id,quantity,created_at) VALUES(231,30,87,7,'2015-02-09 00:40:31.003627');
INSERT INTO orders(id,user_id,item_id,quantity,created_at) VALUES(232,30,41,10,'2015-02-09 00:40:31.005613');
INSERT INTO orders(id,user_id,item_id,quantity,created_at) VALUES(233,30,10,8,'2015-02-09 00:40:31.007476');
INSERT INTO orders(id,user_id,item_id,quantity,created_at) VALUES(234,31,97,4,'2015-02-09 00:40:31.009612');
INSERT INTO orders(id,user_id,item_id,quantity,created_at) VALUES(235,31,64,2,'2015-02-09 00:40:31.011781');
INSERT INTO orders(id,user_id,item_id,quantity,created_at) VALUES(236,31,90,7,'2015-02-09 00:40:31.013762');
INSERT INTO orders(id,user_id,item_id,quantity,created_at) VALUES(237,31,9,10,'2015-02-09 00:40:31.015692');
INSERT INTO orders(id,user_id,item_id,quantity,created_at) VALUES(238,31,96,8,'2015-02-09 00:40:31.017566');
INSERT INTO orders(id,user_id,item_id,quantity,created_at) VALUES(239,32,75,1,'2015-02-09 00:40:31.019778');
INSERT INTO orders(id,user_id,item_id,quantity,created_at) VALUES(240,32,50,6,'2015-02-09 00:40:31.021982');
INSERT INTO orders(id,user_id,item_id,quantity,created_at) VALUES(241,32,90,8,'2015-02-09 00:40:31.023990');
INSERT INTO orders(id,user_id,item_id,quantity,created_at) VALUES(242,32,40,4,'2015-02-09 00:40:31.025923');
INSERT INTO orders(id,user_id,item_id,quantity,created_at) VALUES(243,32,24,9,'2015-02-09 00:40:31.027835');
INSERT INTO orders(id,user_id,item_id,quantity,created_at) VALUES(244,32,65,10,'2015-02-09 00:40:31.029800');
INSERT INTO orders(id,user_id,item_id,quantity,created_at) VALUES(245,32,10,4,'2015-02-09 00:40:31.031921');
INSERT INTO orders(id,user_id,item_id,quantity,created_at) VALUES(246,32,67,9,'2015-02-09 00:40:31.033930');
INSERT INTO orders(id,user_id,item_id,quantity,created_at) VALUES(247,33,92,1,'2015-02-09 00:40:31.036093');
INSERT INTO orders(id,user_id,item_id,quantity,created_at) VALUES(248,33,42,10,'2015-02-09 00:40:31.038215');
INSERT INTO orders(id,user_id,item_id,quantity,created_at) VALUES(249,33,40,3,'2015-02-09 00:40:31.042807');
INSERT INTO orders(id,user_id,item_id,quantity,created_at) VALUES(250,33,7,6,'2015-02-09 00:40:31.045072');
INSERT INTO orders(id,user_id,item_id,quantity,created_at) VALUES(251,33,25,1,'2015-02-09 00:40:31.047079');
INSERT INTO orders(id,user_id,item_id,quantity,created_at) VALUES(252,33,77,6,'2015-02-09 00:40:31.049086');
INSERT INTO orders(id,user_id,item_id,quantity,created_at) VALUES(253,33,74,4,'2015-02-09 00:40:31.051071');
INSERT INTO orders(id,user_id,item_id,quantity,created_at) VALUES(254,33,46,7,'2015-02-09 00:40:31.053070');
INSERT INTO orders(id,user_id,item_id,quantity,created_at) VALUES(255,33,13,3,'2015-02-09 00:40:31.055158');
INSERT INTO orders(id,user_id,item_id,quantity,created_at) VALUES(256,34,80,3,'2015-02-09 00:40:31.057371');
INSERT INTO orders(id,user_id,item_id,quantity,created_at) VALUES(257,34,54,1,'2015-02-09 00:40:31.059363');
INSERT INTO orders(id,user_id,item_id,quantity,created_at) VALUES(258,34,14,4,'2015-02-09 00:40:31.061262');
INSERT INTO orders(id,user_id,item_id,quantity,created_at) VALUES(259,34,11,9,'2015-02-09 00:40:31.063094');
INSERT INTO orders(id,user_id,item_id,quantity,created_at) VALUES(260,34,63,9,'2015-02-09 00:40:31.065315');
INSERT INTO orders(id,user_id,item_id,quantity,created_at) VALUES(261,34,33,9,'2015-02-09 00:40:31.067423');
INSERT INTO orders(id,user_id,item_id,quantity,created_at) VALUES(262,34,29,8,'2015-02-09 00:40:31.069340');
INSERT INTO orders(id,user_id,item_id,quantity,created_at) VALUES(263,35,27,6,'2015-02-09 00:40:31.071483');
INSERT INTO orders(id,user_id,item_id,quantity,created_at) VALUES(264,35,46,10,'2015-02-09 00:40:31.073403');
INSERT INTO orders(id,user_id,item_id,quantity,created_at) VALUES(265,35,55,2,'2015-02-09 00:40:31.075369');
INSERT INTO orders(id,user_id,item_id,quantity,created_at) VALUES(266,36,31,2,'2015-02-09 00:40:31.077772');
INSERT INTO orders(id,user_id,item_id,quantity,created_at) VALUES(267,36,68,6,'2015-02-09 00:40:31.079768');
INSERT INTO orders(id,user_id,item_id,quantity,created_at) VALUES(268,36,63,8,'2015-02-09 00:40:31.081787');
INSERT INTO orders(id,user_id,item_id,quantity,created_at) VALUES(269,36,38,2,'2015-02-09 00:40:31.083689');
INSERT INTO orders(id,user_id,item_id,quantity,created_at) VALUES(270,36,65,10,'2015-02-09 00:40:31.085653');
INSERT INTO orders(id,user_id,item_id,quantity,created_at) VALUES(271,36,14,4,'2015-02-09 00:40:31.087763');
INSERT INTO orders(id,user_id,item_id,quantity,created_at) VALUES(272,37,26,9,'2015-02-09 00:40:31.090077');
INSERT INTO orders(id,user_id,item_id,quantity,created_at) VALUES(273,37,13,7,'2015-02-09 00:40:31.092090');
INSERT INTO orders(id,user_id,item_id,quantity,created_at) VALUES(274,37,27,3,'2015-02-09 00:40:31.093989');
INSERT INTO orders(id,user_id,item_id,quantity,created_at) VALUES(275,37,24,6,'2015-02-09 00:40:31.095881');
INSERT INTO orders(id,user_id,item_id,quantity,created_at) VALUES(276,37,41,9,'2015-02-09 00:40:31.097753');
INSERT INTO orders(id,user_id,item_id,quantity,created_at) VALUES(277,37,86,5,'2015-02-09 00:40:31.099835');
INSERT INTO orders(id,user_id,item_id,quantity,created_at) VALUES(278,37,11,7,'2015-02-09 00:40:31.101916');
INSERT INTO orders(id,user_id,item_id,quantity,created_at) VALUES(279,37,67,6,'2015-02-09 00:40:31.103817');
INSERT INTO orders(id,user_id,item_id,quantity,created_at) VALUES(280,37,70,9,'2015-02-09 00:40:31.105794');
INSERT INTO orders(id,user_id,item_id,quantity,created_at) VALUES(281,37,73,5,'2015-02-09 00:40:31.107687');
INSERT INTO orders(id,user_id,item_id,quantity,created_at) VALUES(282,37,66,5,'2015-02-09 00:40:31.109541');
INSERT INTO orders(id,user_id,item_id,quantity,created_at) VALUES(283,38,24,7,'2015-02-09 00:40:31.111838');
INSERT INTO orders(id,user_id,item_id,quantity,created_at) VALUES(284,38,94,7,'2015-02-09 00:40:31.113888');
INSERT INTO orders(id,user_id,item_id,quantity,created_at) VALUES(285,38,79,7,'2015-02-09 00:40:31.115770');
INSERT INTO orders(id,user_id,item_id,quantity,created_at) VALUES(286,38,65,6,'2015-02-09 00:40:31.117721');
INSERT INTO orders(id,user_id,item_id,quantity,created_at) VALUES(287,38,50,10,'2015-02-09 00:40:31.119621');
INSERT INTO orders(id,user_id,item_id,quantity,created_at) VALUES(288,38,27,7,'2015-02-09 00:40:31.121709');
INSERT INTO orders(id,user_id,item_id,quantity,created_at) VALUES(289,38,33,9,'2015-02-09 00:40:31.123624');
INSERT INTO orders(id,user_id,item_id,quantity,created_at) VALUES(290,38,68,4,'2015-02-09 00:40:31.125453');
INSERT INTO orders(id,user_id,item_id,quantity,created_at) VALUES(291,38,44,1,'2015-02-09 00:40:31.127347');
INSERT INTO orders(id,user_id,item_id,quantity,created_at) VALUES(292,38,93,5,'2015-02-09 00:40:31.129250');
INSERT INTO orders(id,user_id,item_id,quantity,created_at) VALUES(293,38,10,1,'2015-02-09 00:40:31.131241');
INSERT INTO orders(id,user_id,item_id,quantity,created_at) VALUES(294,38,1,1,'2015-02-09 00:40:31.133107');
INSERT INTO orders(id,user_id,item_id,quantity,created_at) VALUES(295,39,28,6,'2015-02-09 00:40:31.135300');
INSERT INTO orders(id,user_id,item_id,quantity,created_at) VALUES(296,39,51,2,'2015-02-09 00:40:31.137303');
INSERT INTO orders(id,user_id,item_id,quantity,created_at) VALUES(297,39,72,2,'2015-02-09 00:40:31.139186');
INSERT INTO orders(id,user_id,item_id,quantity,created_at) VALUES(298,39,32,3,'2015-02-09 00:40:31.141058');
INSERT INTO orders(id,user_id,item_id,quantity,created_at) VALUES(299,39,37,8,'2015-02-09 00:40:31.143767');
INSERT INTO orders(id,user_id,item_id,quantity,created_at) VALUES(300,39,92,9,'2015-02-09 00:40:31.146024');
INSERT INTO orders(id,user_id,item_id,quantity,created_at) VALUES(301,39,39,9,'2015-02-09 00:40:31.147983');
INSERT INTO orders(id,user_id,item_id,quantity,created_at) VALUES(302,40,68,7,'2015-02-09 00:40:31.150146');
INSERT INTO orders(id,user_id,item_id,quantity,created_at) VALUES(303,40,45,3,'2015-02-09 00:40:31.152083');
INSERT INTO orders(id,user_id,item_id,quantity,created_at) VALUES(304,40,97,1,'2015-02-09 00:40:31.154164');
INSERT INTO orders(id,user_id,item_id,quantity,created_at) VALUES(305,40,70,1,'2015-02-09 00:40:31.156145');
INSERT INTO orders(id,user_id,item_id,quantity,created_at) VALUES(306,40,15,5,'2015-02-09 00:40:31.158077');
INSERT INTO orders(id,user_id,item_id,quantity,created_at) VALUES(307,40,21,2,'2015-02-09 00:40:31.159953');
INSERT INTO orders(id,user_id,item_id,quantity,created_at) VALUES(308,40,82,2,'2015-02-09 00:40:31.161812');
INSERT INTO orders(id,user_id,item_id,quantity,created_at) VALUES(309,40,98,1,'2015-02-09 00:40:31.163873');
INSERT INTO orders(id,user_id,item_id,quantity,created_at) VALUES(310,40,30,5,'2015-02-09 00:40:31.165864');
INSERT INTO orders(id,user_id,item_id,quantity,created_at) VALUES(311,40,71,2,'2015-02-09 00:40:31.170109');
INSERT INTO orders(id,user_id,item_id,quantity,created_at) VALUES(312,40,47,9,'2015-02-09 00:40:31.172247');
INSERT INTO orders(id,user_id,item_id,quantity,created_at) VALUES(313,41,74,9,'2015-02-09 00:40:31.174311');
INSERT INTO orders(id,user_id,item_id,quantity,created_at) VALUES(314,41,86,1,'2015-02-09 00:40:31.176248');
INSERT INTO orders(id,user_id,item_id,quantity,created_at) VALUES(315,41,93,8,'2015-02-09 00:40:31.178254');
INSERT INTO orders(id,user_id,item_id,quantity,created_at) VALUES(316,41,75,2,'2015-02-09 00:40:31.180149');
INSERT INTO orders(id,user_id,item_id,quantity,created_at) VALUES(317,41,12,3,'2015-02-09 00:40:31.182134');
INSERT INTO orders(id,user_id,item_id,quantity,created_at) VALUES(318,41,90,1,'2015-02-09 00:40:31.184067');
INSERT INTO orders(id,user_id,item_id,quantity,created_at) VALUES(319,41,73,5,'2015-02-09 00:40:31.186158');
INSERT INTO orders(id,user_id,item_id,quantity,created_at) VALUES(320,41,55,4,'2015-02-09 00:40:31.188111');
INSERT INTO orders(id,user_id,item_id,quantity,created_at) VALUES(321,41,23,9,'2015-02-09 00:40:31.189997');
INSERT INTO orders(id,user_id,item_id,quantity,created_at) VALUES(322,41,48,2,'2015-02-09 00:40:31.191896');
INSERT INTO orders(id,user_id,item_id,quantity,created_at) VALUES(323,41,62,2,'2015-02-09 00:40:31.193840');
INSERT INTO orders(id,user_id,item_id,quantity,created_at) VALUES(324,41,64,7,'2015-02-09 00:40:31.195789');
INSERT INTO orders(id,user_id,item_id,quantity,created_at) VALUES(325,41,99,10,'2015-02-09 00:40:31.197754');
INSERT INTO orders(id,user_id,item_id,quantity,created_at) VALUES(326,42,51,5,'2015-02-09 00:40:31.199835');
INSERT INTO orders(id,user_id,item_id,quantity,created_at) VALUES(327,42,88,7,'2015-02-09 00:40:31.201703');
INSERT INTO orders(id,user_id,item_id,quantity,created_at) VALUES(328,42,81,8,'2015-02-09 00:40:31.203722');
INSERT INTO orders(id,user_id,item_id,quantity,created_at) VALUES(329,42,97,2,'2015-02-09 00:40:31.205640');
INSERT INTO orders(id,user_id,item_id,quantity,created_at) VALUES(330,42,41,2,'2015-02-09 00:40:31.207906');
INSERT INTO orders(id,user_id,item_id,quantity,created_at) VALUES(331,42,57,4,'2015-02-09 00:40:31.209964');
INSERT INTO orders(id,user_id,item_id,quantity,created_at) VALUES(332,43,40,5,'2015-02-09 00:40:31.212026');
INSERT INTO orders(id,user_id,item_id,quantity,created_at) VALUES(333,43,1,1,'2015-02-09 00:40:31.213951');
INSERT INTO orders(id,user_id,item_id,quantity,created_at) VALUES(334,43,65,10,'2015-02-09 00:40:31.216039');
INSERT INTO orders(id,user_id,item_id,quantity,created_at) VALUES(335,43,10,4,'2015-02-09 00:40:31.218039');
INSERT INTO orders(id,user_id,item_id,quantity,created_at) VALUES(336,43,20,2,'2015-02-09 00:40:31.219940');
INSERT INTO orders(id,user_id,item_id,quantity,created_at) VALUES(337,43,19,3,'2015-02-09 00:40:31.221991');
INSERT INTO orders(id,user_id,item_id,quantity,created_at) VALUES(338,44,37,6,'2015-02-09 00:40:31.224119');
INSERT INTO orders(id,user_id,item_id,quantity,created_at) VALUES(339,44,77,7,'2015-02-09 00:40:31.226035');
INSERT INTO orders(id,user_id,item_id,quantity,created_at) VALUES(340,44,10,1,'2015-02-09 00:40:31.228041');
INSERT INTO orders(id,user_id,item_id,quantity,created_at) VALUES(341,44,45,1,'2015-02-09 00:40:31.230718');
INSERT INTO orders(id,user_id,item_id,quantity,created_at) VALUES(342,44,51,8,'2015-02-09 00:40:31.232692');
INSERT INTO orders(id,user_id,item_id,quantity,created_at) VALUES(343,44,89,7,'2015-02-09 00:40:31.234576');
INSERT INTO orders(id,user_id,item_id,quantity,created_at) VALUES(344,45,52,9,'2015-02-09 00:40:31.236610');
INSERT INTO orders(id,user_id,item_id,quantity,created_at) VALUES(345,45,30,10,'2015-02-09 00:40:31.238457');
INSERT INTO orders(id,user_id,item_id,quantity,created_at) VALUES(346,45,68,5,'2015-02-09 00:40:31.240743');
INSERT INTO orders(id,user_id,item_id,quantity,created_at) VALUES(347,46,16,9,'2015-02-09 00:40:31.242959');
INSERT INTO orders(id,user_id,item_id,quantity,created_at) VALUES(348,46,42,8,'2015-02-09 00:40:31.244825');
INSERT INTO orders(id,user_id,item_id,quantity,created_at) VALUES(349,46,97,8,'2015-02-09 00:40:31.246744');
INSERT INTO orders(id,user_id,item_id,quantity,created_at) VALUES(350,46,18,8,'2015-02-09 00:40:31.248732');
INSERT INTO orders(id,user_id,item_id,quantity,created_at) VALUES(351,46,39,10,'2015-02-09 00:40:31.250632');
INSERT INTO orders(id,user_id,item_id,quantity,created_at) VALUES(352,46,95,8,'2015-02-09 00:40:31.252587');
INSERT INTO orders(id,user_id,item_id,quantity,created_at) VALUES(353,46,59,7,'2015-02-09 00:40:31.254647');
INSERT INTO orders(id,user_id,item_id,quantity,created_at) VALUES(354,47,88,10,'2015-02-09 00:40:31.256763');
INSERT INTO orders(id,user_id,item_id,quantity,created_at) VALUES(355,47,80,3,'2015-02-09 00:40:31.258619');
INSERT INTO orders(id,user_id,item_id,quantity,created_at) VALUES(356,47,98,2,'2015-02-09 00:40:31.261839');
INSERT INTO orders(id,user_id,item_id,quantity,created_at) VALUES(357,47,38,8,'2015-02-09 00:40:31.264297');
INSERT INTO orders(id,user_id,item_id,quantity,created_at) VALUES(358,48,38,1,'2015-02-09 00:40:31.266431');
INSERT INTO orders(id,user_id,item_id,quantity,created_at) VALUES(359,48,90,5,'2015-02-09 00:40:31.268450');
INSERT INTO orders(id,user_id,item_id,quantity,created_at) VALUES(360,48,25,1,'2015-02-09 00:40:31.270377');
INSERT INTO orders(id,user_id,item_id,quantity,created_at) VALUES(361,48,95,1,'2015-02-09 00:40:31.272272');
INSERT INTO orders(id,user_id,item_id,quantity,created_at) VALUES(362,48,43,2,'2015-02-09 00:40:31.274341');
INSERT INTO orders(id,user_id,item_id,quantity,created_at) VALUES(363,48,41,10,'2015-02-09 00:40:31.276362');
INSERT INTO orders(id,user_id,item_id,quantity,created_at) VALUES(364,48,46,5,'2015-02-09 00:40:31.278226');
INSERT INTO orders(id,user_id,item_id,quantity,created_at) VALUES(365,48,67,3,'2015-02-09 00:40:31.280148');
INSERT INTO orders(id,user_id,item_id,quantity,created_at) VALUES(366,48,47,3,'2015-02-09 00:40:31.282062');
INSERT INTO orders(id,user_id,item_id,quantity,created_at) VALUES(367,48,33,5,'2015-02-09 00:40:31.284067');
INSERT INTO orders(id,user_id,item_id,quantity,created_at) VALUES(368,48,71,6,'2015-02-09 00:40:31.286063');
INSERT INTO orders(id,user_id,item_id,quantity,created_at) VALUES(369,48,5,7,'2015-02-09 00:40:31.288096');
INSERT INTO orders(id,user_id,item_id,quantity,created_at) VALUES(370,48,50,4,'2015-02-09 00:40:31.290037');
INSERT INTO orders(id,user_id,item_id,quantity,created_at) VALUES(371,49,97,9,'2015-02-09 00:40:31.292123');
INSERT INTO orders(id,user_id,item_id,quantity,created_at) VALUES(372,49,6,6,'2015-02-09 00:40:31.294004');
INSERT INTO orders(id,user_id,item_id,quantity,created_at) VALUES(373,49,87,7,'2015-02-09 00:40:31.299549');
INSERT INTO orders(id,user_id,item_id,quantity,created_at) VALUES(374,50,49,7,'2015-02-09 00:40:31.301990');
INSERT INTO orders(id,user_id,item_id,quantity,created_at) VALUES(375,50,2,6,'2015-02-09 00:40:31.303884');
INSERT INTO orders(id,user_id,item_id,quantity,created_at) VALUES(376,50,56,9,'2015-02-09 00:40:31.305783');
INSERT INTO orders(id,user_id,item_id,quantity,created_at) VALUES(377,50,91,2,'2015-02-09 00:40:31.307668');
